{"cameraMode":{"drawMode":0,"name":"Shaded","section":"Shading Mode"},"sceneLighting":false,"audioPlay":false,"sceneViewState":{"showFog":true,"showMaterialUpdate":true,"showSkybox":true,"showFlares":true,"showImageEffects":true,"showParticleSystems":true},"in2DMode":false,"pivot":{"x":0.3698239326477051,"y":2.8326447010040285,"z":1.7852122783660889},"rotation":{"x":-0.21048253774642945,"y":-0.3723551630973816,"z":0.0871114432811737,"w":-0.8997001647949219},"size":7.469205379486084,"orthographic":false}