{"cameraMode":{"drawMode":0,"name":"Shaded","section":"Shading Mode"},"sceneLighting":true,"audioPlay":false,"sceneViewState":{"showFog":true,"showMaterialUpdate":true,"showSkybox":true,"showFlares":true,"showImageEffects":true,"showParticleSystems":true},"in2DMode":false,"pivot":{"x":0.08799983561038971,"y":0.08679699897766113,"z":6.164371013641357},"rotation":{"x":0.2515968680381775,"y":-0.38054728507995608,"z":0.10840024799108505,"w":0.8832509517669678},"size":22.0,"orthographic":false}