{"cameraMode":{"drawMode":0,"name":"Shaded","section":"Shading Mode"},"sceneLighting":false,"audioPlay":false,"sceneViewState":{"showFog":true,"showMaterialUpdate":true,"showSkybox":true,"showFlares":true,"showImageEffects":true,"showParticleSystems":true},"in2DMode":false,"pivot":{"x":-6.910597324371338,"y":3.522242546081543,"z":-1.3874491453170777},"rotation":{"x":-0.17780958116054536,"y":0.5010406374931336,"z":-0.10602233558893204,"w":-0.8402983546257019},"size":6.7991180419921879,"orthographic":false}