{"cameraMode":{"drawMode":0,"name":"Shaded","section":"Shading Mode"},"sceneLighting":false,"audioPlay":false,"sceneViewState":{"showFog":true,"showMaterialUpdate":true,"showSkybox":true,"showFlares":true,"showImageEffects":true,"showParticleSystems":true},"in2DMode":false,"pivot":{"x":-42.33027648925781,"y":4.964559078216553,"z":-25.69858169555664},"rotation":{"x":-0.17123444378376008,"y":0.7323092818260193,"z":-0.1996353268623352,"w":-0.628130316734314},"size":40.676055908203128,"orthographic":false}