{"cameraMode":{"drawMode":0,"name":"Shaded","section":"Shading Mode"},"sceneLighting":false,"audioPlay":false,"sceneViewState":{"showFog":true,"showMaterialUpdate":true,"showSkybox":true,"showFlares":true,"showImageEffects":true,"showParticleSystems":true},"in2DMode":false,"pivot":{"x":0.07999801635742188,"y":4.274923324584961,"z":4.3379998207092289},"rotation":{"x":0.035247866064310077,"y":0.9282152056694031,"z":-0.35898202657699587,"w":0.09113786369562149},"size":9.965388298034668,"orthographic":false}