{"cameraMode":{"drawMode":0,"name":"Shaded","section":"Shading Mode"},"sceneLighting":false,"audioPlay":false,"sceneViewState":{"showFog":true,"showMaterialUpdate":true,"showSkybox":true,"showFlares":true,"showImageEffects":true,"showParticleSystems":true},"in2DMode":false,"pivot":{"x":0.45875096321105959,"y":0.07998496294021607,"z":-1.7092890739440919},"rotation":{"x":-0.18978926539421082,"y":0.19817979633808137,"z":-0.03914686664938927,"w":-0.9608185887336731},"size":1.4621212482452393,"orthographic":false}