{"cameraMode":{"drawMode":0,"name":"Shaded","section":"Shading Mode"},"sceneLighting":false,"audioPlay":false,"sceneViewState":{"showFog":true,"showMaterialUpdate":true,"showSkybox":true,"showFlares":true,"showImageEffects":true,"showParticleSystems":true},"in2DMode":false,"pivot":{"x":34.152000427246097,"y":36.7400016784668,"z":66.30000305175781},"rotation":{"x":0.04497668147087097,"y":-0.9536263346672058,"z":0.23520416021347047,"w":0.18235380947589875},"size":2.8578836917877199,"orthographic":false}