{"cameraMode":{"drawMode":0,"name":"Shaded","section":"Shading Mode"},"sceneLighting":false,"audioPlay":false,"sceneViewState":{"showFog":true,"showMaterialUpdate":true,"showSkybox":true,"showFlares":true,"showImageEffects":true,"showParticleSystems":true},"in2DMode":false,"pivot":{"x":-3.569192886352539,"y":9.21068286895752,"z":-3.5161781311035158},"rotation":{"x":0.08039337396621704,"y":-0.4733198285102844,"z":0.04343104735016823,"w":0.8761387467384338},"size":25.469205856323243,"orthographic":false}