{"cameraMode":{"drawMode":0,"name":"Shaded","section":"Shading Mode"},"sceneLighting":false,"audioPlay":false,"sceneViewState":{"showFog":true,"showMaterialUpdate":true,"showSkybox":true,"showFlares":true,"showImageEffects":true,"showParticleSystems":true},"in2DMode":false,"pivot":{"x":0.0,"y":-0.5671700239181519,"z":-0.0005000829696655273},"rotation":{"x":-0.17123444378376008,"y":0.7323092818260193,"z":-0.1996353268623352,"w":-0.628130316734314},"size":7.582627296447754,"orthographic":false}