{"cameraMode":{"drawMode":0,"name":"Shaded","section":"Shading Mode"},"sceneLighting":false,"audioPlay":false,"sceneViewState":{"showFog":true,"showMaterialUpdate":true,"showSkybox":true,"showFlares":true,"showImageEffects":true,"showParticleSystems":true},"in2DMode":false,"pivot":{"x":-2.4906210899353029,"y":-1.3752193450927735,"z":-1.889862060546875},"rotation":{"x":-0.011815061792731285,"y":0.9620404839515686,"z":-0.26936620473861697,"w":-0.04219512641429901},"size":24.877153396606447,"orthographic":false}