{"cameraMode":{"drawMode":0,"name":"Shaded","section":"Shading Mode"},"sceneLighting":false,"audioPlay":false,"sceneViewState":{"showFog":true,"showMaterialUpdate":true,"showSkybox":true,"showFlares":true,"showImageEffects":true,"showParticleSystems":true},"in2DMode":false,"pivot":{"x":33.93980026245117,"y":1.7152860164642335,"z":-33.040122985839847},"rotation":{"x":0.19012907147407533,"y":0.18948513269424439,"z":-0.03742777556180954,"w":0.9625723958015442},"size":9.659468650817871,"orthographic":false}