{"cameraMode":{"drawMode":0,"name":"Shaded","section":"Shading Mode"},"sceneLighting":true,"audioPlay":false,"sceneViewState":{"showFog":true,"showMaterialUpdate":true,"showSkybox":true,"showFlares":true,"showImageEffects":true,"showParticleSystems":true},"in2DMode":false,"pivot":{"x":9.065136909484864,"y":12.51346206665039,"z":-45.2504997253418},"rotation":{"x":-0.3526661992073059,"y":-0.07144748419523239,"z":0.027017155662178994,"w":-0.9326263666152954},"size":5.248597621917725,"orthographic":false}