{"cameraMode":{"drawMode":0,"name":"Shaded","section":"Shading Mode"},"sceneLighting":false,"audioPlay":false,"sceneViewState":{"showFog":true,"showMaterialUpdate":true,"showSkybox":true,"showFlares":true,"showImageEffects":true,"showParticleSystems":true},"in2DMode":false,"pivot":{"x":-16.367252349853517,"y":-1.2914924621582032,"z":-4.354358673095703},"rotation":{"x":0.09382526576519013,"y":-0.8277297616004944,"z":0.14550074934959413,"w":0.5337507724761963},"size":76.5351791381836,"orthographic":false}