{"cameraMode":{"drawMode":0,"name":"Shaded","section":"Shading Mode"},"sceneLighting":false,"audioPlay":false,"sceneViewState":{"showFog":true,"showMaterialUpdate":true,"showSkybox":true,"showFlares":true,"showImageEffects":true,"showParticleSystems":true},"in2DMode":false,"pivot":{"x":-42.17341232299805,"y":5.621908187866211,"z":-14.4882173538208},"rotation":{"x":0.10261876881122589,"y":0.8506566286087036,"z":-0.18077678978443147,"w":0.4828793704509735},"size":6.892239570617676,"orthographic":false}