{"cameraMode":{"drawMode":0,"name":"Shaded","section":"Shading Mode"},"sceneLighting":false,"audioPlay":false,"sceneViewState":{"showFog":true,"showMaterialUpdate":true,"showSkybox":true,"showFlares":true,"showImageEffects":true,"showParticleSystems":true},"in2DMode":false,"pivot":{"x":1.3722474575042725,"y":-9.635966300964356,"z":0.05666002631187439},"rotation":{"x":-0.2510948181152344,"y":-0.6220985651016235,"z":0.2206290364265442,"w":-0.7080026268959045},"size":2.842106580734253,"orthographic":false}