{"cameraMode":{"drawMode":0,"name":"Shaded","section":"Shading Mode"},"sceneLighting":true,"audioPlay":false,"sceneViewState":{"showFog":true,"showMaterialUpdate":true,"showSkybox":true,"showFlares":true,"showImageEffects":true,"showParticleSystems":true},"in2DMode":false,"pivot":{"x":3.686638832092285,"y":-23.150386810302736,"z":70.46031188964844},"rotation":{"x":-0.16275335848331452,"y":-0.015384831465780735,"z":0.002538135973736644,"w":-0.986543595790863},"size":150.3629608154297,"orthographic":false}