{"cameraMode":{"drawMode":0,"name":"Shaded","section":"Shading Mode"},"sceneLighting":false,"audioPlay":false,"sceneViewState":{"showFog":true,"showMaterialUpdate":true,"showSkybox":true,"showFlares":true,"showImageEffects":true,"showParticleSystems":true},"in2DMode":false,"pivot":{"x":1.1920928955078126e-7,"y":-0.574999988079071,"z":-2.384185791015625e-7},"rotation":{"x":-0.08409383893013,"y":0.9094176888465881,"z":-0.33919787406921389,"w":-0.22546067833900453},"size":7.49752140045166,"orthographic":false}