{"cameraMode":{"drawMode":0,"name":"Shaded","section":"Shading Mode"},"sceneLighting":false,"audioPlay":false,"sceneViewState":{"showFog":true,"showMaterialUpdate":true,"showSkybox":true,"showFlares":true,"showImageEffects":true,"showParticleSystems":true},"in2DMode":false,"pivot":{"x":51.38201141357422,"y":29.198293685913087,"z":-47.69266128540039},"rotation":{"x":0.5412546992301941,"y":-0.03882433846592903,"z":-0.025026774033904077,"w":-0.8395890593528748},"size":16.857229232788087,"orthographic":false}