{"cameraMode":{"drawMode":0,"name":"Shaded","section":"Shading Mode"},"sceneLighting":true,"audioPlay":false,"sceneViewState":{"showFog":true,"showMaterialUpdate":true,"showSkybox":true,"showFlares":true,"showImageEffects":true,"showParticleSystems":true},"in2DMode":false,"pivot":{"x":2.0500001907348635,"y":4.779999732971191,"z":0.0},"rotation":{"x":0.11877141892910004,"y":-0.6940129995346069,"z":0.11770924925804138,"w":0.7002741098403931},"size":4.841885089874268,"orthographic":false}