{"cameraMode":{"drawMode":0,"name":"Shaded","section":"Shading Mode"},"sceneLighting":false,"audioPlay":false,"sceneViewState":{"showFog":true,"showMaterialUpdate":true,"showSkybox":true,"showFlares":true,"showImageEffects":true,"showParticleSystems":true},"in2DMode":false,"pivot":{"x":497.91748046875,"y":-38.665306091308597,"z":822.0843505859375},"rotation":{"x":-0.12267652153968811,"y":-0.01786191761493683,"z":0.002209493424743414,"w":-0.9922835230827332},"size":1444.57177734375,"orthographic":false}