{"cameraMode":{"drawMode":0,"name":"Shaded","section":"Shading Mode"},"sceneLighting":false,"audioPlay":false,"sceneViewState":{"showFog":true,"showMaterialUpdate":true,"showSkybox":true,"showFlares":true,"showImageEffects":true,"showParticleSystems":true},"in2DMode":false,"pivot":{"x":0.026000022888183595,"y":0.6898548603057861,"z":-0.08300018310546875},"rotation":{"x":-0.12063459306955338,"y":0.4476904571056366,"z":-0.06110021471977234,"w":-0.8839046359062195},"size":6.105862140655518,"orthographic":false}