{"cameraMode":{"drawMode":0,"name":"Shaded","section":"Shading Mode"},"sceneLighting":true,"audioPlay":false,"sceneViewState":{"showFog":true,"showMaterialUpdate":true,"showSkybox":true,"showFlares":true,"showImageEffects":true,"showParticleSystems":true},"in2DMode":false,"pivot":{"x":2.0098977088928224,"y":-0.07829713821411133,"z":0.6374833583831787},"rotation":{"x":-0.19957606494426728,"y":-0.6228801012039185,"z":0.16858027875423432,"w":-0.737407922744751},"size":13.59410285949707,"orthographic":false}