{"cameraMode":{"drawMode":0,"name":"Shaded","section":"Shading Mode"},"sceneLighting":false,"audioPlay":false,"sceneViewState":{"showFog":true,"showMaterialUpdate":true,"showSkybox":true,"showFlares":true,"showImageEffects":true,"showParticleSystems":true},"in2DMode":false,"pivot":{"x":1.2967095375061036,"y":-1.4721565246582032,"z":1.8613815307617188},"rotation":{"x":-0.3264734447002411,"y":-0.2458191066980362,"z":0.08834820240736008,"w":-0.9083956480026245},"size":8.452657699584961,"orthographic":false}