{"cameraMode":{"drawMode":0,"name":"Shaded","section":"Shading Mode"},"sceneLighting":false,"audioPlay":false,"sceneViewState":{"showFog":true,"showMaterialUpdate":true,"showSkybox":true,"showFlares":true,"showImageEffects":true,"showParticleSystems":true},"in2DMode":false,"pivot":{"x":35.02317810058594,"y":0.8208787441253662,"z":-36.046600341796878},"rotation":{"x":0.26506978273391726,"y":0.03987372666597366,"z":-0.010971886105835438,"w":0.963342010974884},"size":5.466679096221924,"orthographic":false}