{"cameraMode":{"drawMode":0,"name":"Shaded","section":"Shading Mode"},"sceneLighting":false,"audioPlay":false,"sceneViewState":{"showFog":true,"showMaterialUpdate":true,"showSkybox":true,"showFlares":true,"showImageEffects":true,"showParticleSystems":true},"in2DMode":false,"pivot":{"x":-1.7741987705230713,"y":-1.4174575805664063,"z":-18.843055725097658},"rotation":{"x":0.0020490398164838554,"y":-0.9957926869392395,"z":0.08867429941892624,"w":0.023013534024357797},"size":39.123680114746097,"orthographic":false}