{"cameraMode":{"drawMode":0,"name":"Shaded","section":"Shading Mode"},"sceneLighting":false,"audioPlay":false,"sceneViewState":{"showFog":true,"showMaterialUpdate":true,"showSkybox":true,"showFlares":true,"showImageEffects":true,"showParticleSystems":true},"in2DMode":false,"pivot":{"x":11.170793533325196,"y":2.1254000663757326,"z":42.05547332763672},"rotation":{"x":0.0940980389714241,"y":0.8985658884048462,"z":-0.23654422163963319,"w":0.35745182633399966},"size":2.7513926029205324,"orthographic":false}