{"cameraMode":{"drawMode":0,"name":"Shaded","section":"Shading Mode"},"sceneLighting":false,"audioPlay":false,"sceneViewState":{"showFog":true,"showMaterialUpdate":true,"showSkybox":true,"showFlares":true,"showImageEffects":true,"showParticleSystems":true},"in2DMode":false,"pivot":{"x":-22.777416229248048,"y":35.149497985839847,"z":81.87173461914063},"rotation":{"x":0.11707083135843277,"y":-0.8813680410385132,"z":0.3503715693950653,"w":0.29449060559272768},"size":9.07713794708252,"orthographic":false}