{"cameraMode":{"drawMode":0,"name":"Shaded","section":"Shading Mode"},"sceneLighting":false,"audioPlay":false,"sceneViewState":{"showFog":true,"showMaterialUpdate":true,"showSkybox":true,"showFlares":true,"showImageEffects":true,"showParticleSystems":true},"in2DMode":false,"pivot":{"x":0.6377986669540405,"y":1.7983468770980836,"z":0.7939655780792236},"rotation":{"x":-0.21048253774642945,"y":-0.3723551630973816,"z":0.0871114432811737,"w":-0.8997001647949219},"size":3.5740561485290529,"orthographic":false}