{"cameraMode":{"drawMode":0,"name":"Shaded","section":"Shading Mode"},"sceneLighting":false,"audioPlay":false,"sceneViewState":{"showFog":true,"showMaterialUpdate":true,"showSkybox":true,"showFlares":true,"showImageEffects":true,"showParticleSystems":true},"in2DMode":false,"pivot":{"x":26.541471481323243,"y":-0.6755104064941406,"z":-29.399829864501954},"rotation":{"x":-0.2558344602584839,"y":0.7282240986824036,"z":-0.3517726957798004,"w":-0.529617190361023},"size":50.74215316772461,"orthographic":false}