{"cameraMode":{"drawMode":0,"name":"Shaded","section":"Shading Mode"},"sceneLighting":false,"audioPlay":false,"sceneViewState":{"showFog":true,"showMaterialUpdate":true,"showSkybox":true,"showFlares":true,"showImageEffects":true,"showParticleSystems":true},"in2DMode":false,"pivot":{"x":-12.32243537902832,"y":34.386070251464847,"z":91.55230712890625},"rotation":{"x":-0.17123444378376008,"y":0.7323092818260193,"z":-0.1996353268623352,"w":-0.628130316734314},"size":11.203629493713379,"orthographic":false}