{"cameraMode":{"drawMode":0,"name":"Shaded","section":"Shading Mode"},"sceneLighting":false,"audioPlay":false,"sceneViewState":{"showFog":true,"showMaterialUpdate":true,"showSkybox":true,"showFlares":true,"showImageEffects":true,"showParticleSystems":true},"in2DMode":false,"pivot":{"x":-0.08674180507659912,"y":0.4809091091156006,"z":-0.2709273099899292},"rotation":{"x":-0.26314789056777956,"y":-0.32818999886512759,"z":0.09572917968034744,"w":-0.9021532535552979},"size":4.0578837394714359,"orthographic":false}