{"cameraMode":{"drawMode":0,"name":"Shaded","section":"Shading Mode"},"sceneLighting":true,"audioPlay":false,"sceneViewState":{"showFog":true,"showMaterialUpdate":true,"showSkybox":true,"showFlares":true,"showImageEffects":true,"showParticleSystems":true},"in2DMode":false,"pivot":{"x":8.555527687072754,"y":-2.03153657913208,"z":9.010787963867188},"rotation":{"x":-0.0152937863022089,"y":-0.8904640078544617,"z":0.4538052976131439,"w":-0.030012618750333787},"size":14.190336227416993,"orthographic":false}