{"cameraMode":{"drawMode":0,"name":"Shaded","section":"Shading Mode"},"sceneLighting":true,"audioPlay":false,"sceneViewState":{"showFog":true,"showMaterialUpdate":true,"showSkybox":true,"showFlares":true,"showImageEffects":true,"showParticleSystems":true},"in2DMode":false,"pivot":{"x":0.2738601267337799,"y":0.8115185499191284,"z":1.0090694427490235},"rotation":{"x":-0.12726303935050965,"y":0.26871591806411745,"z":-0.03584299609065056,"w":-0.9541023373603821},"size":7.183162212371826,"orthographic":false}