{"cameraMode":{"drawMode":0,"name":"Shaded","section":"Shading Mode"},"sceneLighting":false,"audioPlay":false,"sceneViewState":{"showFog":true,"showMaterialUpdate":true,"showSkybox":true,"showFlares":true,"showImageEffects":true,"showParticleSystems":true},"in2DMode":false,"pivot":{"x":0.6843276023864746,"y":-0.16417312622070313,"z":-1.063807487487793},"rotation":{"x":-0.25359806418418887,"y":-0.34256860613822939,"z":0.09658651053905487,"w":-0.8994475603103638},"size":7.271209239959717,"orthographic":false}