{"cameraMode":{"drawMode":0,"name":"Shaded","section":"Shading Mode"},"sceneLighting":false,"audioPlay":false,"sceneViewState":{"showFog":true,"showMaterialUpdate":true,"showSkybox":true,"showFlares":true,"showImageEffects":true,"showParticleSystems":true},"in2DMode":false,"pivot":{"x":3.428704261779785,"y":2.9419851303100588,"z":-2.847231388092041},"rotation":{"x":0.23680181801319123,"y":0.6543043851852417,"z":-0.22744043171405793,"w":0.6812353730201721},"size":18.46026039123535,"orthographic":false}