{"cameraMode":{"drawMode":0,"name":"Shaded","section":"Shading Mode"},"sceneLighting":false,"audioPlay":false,"sceneViewState":{"showFog":true,"showMaterialUpdate":true,"showSkybox":true,"showFlares":true,"showImageEffects":true,"showParticleSystems":true},"in2DMode":false,"pivot":{"x":1.8189579248428345,"y":-8.144669532775879,"z":0.7453343868255615},"rotation":{"x":-0.06671767681837082,"y":-0.6563389897346497,"z":0.05844571441411972,"w":-0.7492342591285706},"size":5.160604953765869,"orthographic":false}