{"cameraMode":{"drawMode":0,"name":"Shaded","section":"Shading Mode"},"sceneLighting":false,"audioPlay":false,"sceneViewState":{"showFog":true,"showMaterialUpdate":true,"showSkybox":true,"showFlares":true,"showImageEffects":true,"showParticleSystems":true},"in2DMode":false,"pivot":{"x":18.181285858154298,"y":-9.830854415893555,"z":30.35564422607422},"rotation":{"x":-0.1456599086523056,"y":-0.27218496799468996,"z":0.04172248765826225,"w":-0.9502409100532532},"size":41.80620193481445,"orthographic":false}