{"cameraMode":{"drawMode":0,"name":"Shaded","section":"Shading Mode"},"sceneLighting":false,"audioPlay":false,"sceneViewState":{"showFog":true,"showMaterialUpdate":true,"showSkybox":true,"showFlares":true,"showImageEffects":true,"showParticleSystems":true},"in2DMode":false,"pivot":{"x":-4.9546966552734379,"y":-8.37990951538086,"z":-7.20713996887207},"rotation":{"x":-0.12787041068077088,"y":-0.7295399904251099,"z":0.14205630123615266,"w":-0.6566891670227051},"size":2.8578929901123049,"orthographic":false}