{"cameraMode":{"drawMode":0,"name":"Shaded","section":"Shading Mode"},"sceneLighting":false,"audioPlay":false,"sceneViewState":{"showFog":true,"showMaterialUpdate":true,"showSkybox":true,"showFlares":true,"showImageEffects":true,"showParticleSystems":true},"in2DMode":false,"pivot":{"x":-31.957029342651368,"y":34.45109558105469,"z":82.68861389160156},"rotation":{"x":-0.17123444378376008,"y":0.7323092818260193,"z":-0.1996353268623352,"w":-0.628130316734314},"size":11.519845962524414,"orthographic":false}