{"cameraMode":{"drawMode":0,"name":"Shaded","section":"Shading Mode"},"sceneLighting":false,"audioPlay":false,"sceneViewState":{"showFog":true,"showMaterialUpdate":true,"showSkybox":true,"showFlares":true,"showImageEffects":true,"showParticleSystems":true},"in2DMode":false,"pivot":{"x":0.035692572593688968,"y":0.9069269895553589,"z":-0.01908862590789795},"rotation":{"x":-0.26314789056777956,"y":-0.32818999886512759,"z":0.09572917968034744,"w":-0.9021532535552979},"size":2.2578840255737306,"orthographic":false}