{"cameraMode":{"drawMode":0,"name":"Shaded","section":"Shading Mode"},"sceneLighting":true,"audioPlay":false,"sceneViewState":{"showFog":true,"showMaterialUpdate":true,"showSkybox":true,"showFlares":true,"showImageEffects":true,"showParticleSystems":true},"in2DMode":false,"pivot":{"x":-43.66486358642578,"y":-71.77665710449219,"z":-79.40117645263672},"rotation":{"x":-0.13352257013320924,"y":0.8613102436065674,"z":-0.2921374440193176,"w":-0.39366498589515688},"size":180.44252014160157,"orthographic":false}