{"cameraMode":{"drawMode":0,"name":"Shaded","section":"Shading Mode"},"sceneLighting":false,"audioPlay":false,"sceneViewState":{"showFog":true,"showMaterialUpdate":true,"showSkybox":true,"showFlares":true,"showImageEffects":true,"showParticleSystems":true},"in2DMode":false,"pivot":{"x":0.3362140655517578,"y":1.4400622844696046,"z":0.4520496129989624},"rotation":{"x":-0.29772233963012698,"y":-0.42843523621559145,"z":0.15194584429264069,"w":-0.8394743204116821},"size":3.2397735118865969,"orthographic":false}