{"cameraMode":{"drawMode":0,"name":"Shaded","section":"Shading Mode"},"sceneLighting":false,"audioPlay":false,"sceneViewState":{"showFog":true,"showMaterialUpdate":true,"showSkybox":true,"showFlares":true,"showImageEffects":true,"showParticleSystems":true},"in2DMode":false,"pivot":{"x":17.520000457763673,"y":5.380000114440918,"z":-46.439998626708987},"rotation":{"x":0.3480994403362274,"y":0.5346945524215698,"z":-0.2563382685184479,"w":0.7260987162590027},"size":14.09760856628418,"orthographic":false}