{"cameraMode":{"drawMode":0,"name":"Shaded","section":"Shading Mode"},"sceneLighting":true,"audioPlay":false,"sceneViewState":{"showFog":true,"showMaterialUpdate":true,"showSkybox":true,"showFlares":true,"showImageEffects":true,"showParticleSystems":true},"in2DMode":false,"pivot":{"x":32.77033615112305,"y":2.2358388900756838,"z":-32.153663635253909},"rotation":{"x":0.3249223232269287,"y":-0.40495753288269045,"z":0.1566074788570404,"w":0.8401839733123779},"size":39.453243255615237,"orthographic":false}