{"cameraMode":{"drawMode":0,"name":"Shaded","section":"Shading Mode"},"sceneLighting":false,"audioPlay":false,"sceneViewState":{"showFog":true,"showMaterialUpdate":true,"showSkybox":true,"showFlares":true,"showImageEffects":true,"showParticleSystems":true},"in2DMode":false,"pivot":{"x":-0.29458892345428469,"y":-0.4223971366882324,"z":2.038986921310425},"rotation":{"x":-0.18127930164337159,"y":-0.1515437215566635,"z":0.028285866603255273,"w":-0.9712735414505005},"size":5.652166366577148,"orthographic":false}