{"cameraMode":{"drawMode":0,"name":"Shaded","section":"Shading Mode"},"sceneLighting":false,"audioPlay":false,"sceneViewState":{"showFog":true,"showMaterialUpdate":true,"showSkybox":true,"showFlares":true,"showImageEffects":true,"showParticleSystems":true},"in2DMode":false,"pivot":{"x":2.468583106994629,"y":2.575439929962158,"z":-2.6397199630737306},"rotation":{"x":-0.12063459306955338,"y":0.4476904571056366,"z":-0.06110021471977234,"w":-0.8839046359062195},"size":40.676055908203128,"orthographic":false}