{"cameraMode":{"drawMode":0,"name":"Shaded","section":"Shading Mode"},"sceneLighting":false,"audioPlay":false,"sceneViewState":{"showFog":true,"showMaterialUpdate":true,"showSkybox":true,"showFlares":true,"showImageEffects":true,"showParticleSystems":true},"in2DMode":false,"pivot":{"x":-0.3069782257080078,"y":1.6292104721069337,"z":-0.5475115776062012},"rotation":{"x":0.07677818834781647,"y":0.5076591968536377,"z":0.045485179871320727,"w":-0.8569238185882568},"size":5.548722267150879,"orthographic":false}