{"cameraMode":{"drawMode":0,"name":"Shaded","section":"Shading Mode"},"sceneLighting":true,"audioPlay":false,"sceneViewState":{"showFog":true,"showMaterialUpdate":true,"showSkybox":true,"showFlares":true,"showImageEffects":true,"showParticleSystems":true},"in2DMode":false,"pivot":{"x":-15.640410423278809,"y":-18.403865814208986,"z":19.512649536132814},"rotation":{"x":-0.2835075259208679,"y":0.31295058131217959,"z":-0.09846002608537674,"w":-0.901105523109436},"size":36.809539794921878,"orthographic":false}