{"cameraMode":{"drawMode":0,"name":"Shaded","section":"Shading Mode"},"sceneLighting":false,"audioPlay":false,"sceneViewState":{"showFog":true,"showMaterialUpdate":true,"showSkybox":true,"showFlares":true,"showImageEffects":true,"showParticleSystems":true},"in2DMode":false,"pivot":{"x":-33.70000076293945,"y":5.223999977111816,"z":-10.858847618103028},"rotation":{"x":0.05212147533893585,"y":0.8216482996940613,"z":-0.07613759487867356,"w":0.562477171421051},"size":13.948709487915039,"orthographic":false}