{"cameraMode":{"drawMode":0,"name":"Shaded","section":"Shading Mode"},"sceneLighting":false,"audioPlay":false,"sceneViewState":{"showFog":true,"showMaterialUpdate":true,"showSkybox":true,"showFlares":true,"showImageEffects":true,"showParticleSystems":true},"in2DMode":false,"pivot":{"x":4.995423316955566,"y":0.32700634002685549,"z":3.9665229320526125},"rotation":{"x":-0.19490116834640504,"y":-0.6249889135360718,"z":0.16513273119926454,"w":-0.7376542091369629},"size":25.56471061706543,"orthographic":false}