{"cameraMode":{"drawMode":0,"name":"Shaded","section":"Shading Mode"},"sceneLighting":false,"audioPlay":false,"sceneViewState":{"showFog":true,"showMaterialUpdate":true,"showSkybox":true,"showFlares":true,"showImageEffects":true,"showParticleSystems":true},"in2DMode":false,"pivot":{"x":269.41680908203127,"y":201.87655639648438,"z":-4.400000095367432},"rotation":{"x":0.0329861044883728,"y":-0.021884502843022348,"z":0.0007224523578770459,"w":0.9992160201072693},"size":472.38653564453127,"orthographic":true}