{"cameraMode":{"drawMode":0,"name":"Shaded","section":"Shading Mode"},"sceneLighting":true,"audioPlay":false,"sceneViewState":{"showFog":true,"showMaterialUpdate":true,"showSkybox":true,"showFlares":true,"showImageEffects":true,"showParticleSystems":true},"in2DMode":false,"pivot":{"x":24.537738800048829,"y":-10.228224754333496,"z":15.715595245361329},"rotation":{"x":0.2515968680381775,"y":-0.38054728507995608,"z":0.10840024799108505,"w":0.8832509517669678},"size":307.08160400390627,"orthographic":false}