{"cameraMode":{"drawMode":0,"name":"Shaded","section":"Shading Mode"},"sceneLighting":true,"audioPlay":false,"sceneViewState":{"showFog":true,"showMaterialUpdate":true,"showSkybox":true,"showFlares":true,"showImageEffects":true,"showParticleSystems":true},"in2DMode":false,"pivot":{"x":-0.9900932312011719,"y":0.6720842719078064,"z":0.7853783369064331},"rotation":{"x":-0.09813787043094635,"y":0.36287277936935427,"z":-0.03846359997987747,"w":-0.9258579015731812},"size":4.251577854156494,"orthographic":false}