{"cameraMode":{"drawMode":0,"name":"Shaded","section":"Shading Mode"},"sceneLighting":false,"audioPlay":false,"sceneViewState":{"showFog":true,"showMaterialUpdate":true,"showSkybox":true,"showFlares":true,"showImageEffects":true,"showParticleSystems":true},"in2DMode":false,"pivot":{"x":47.525421142578128,"y":-38.478515625,"z":-48.088829040527347},"rotation":{"x":0.09242226183414459,"y":0.902848482131958,"z":-0.24435955286026,"w":0.34148383140563967},"size":126.6707534790039,"orthographic":false}