{"cameraMode":{"drawMode":0,"name":"Shaded","section":"Shading Mode"},"sceneLighting":true,"audioPlay":false,"sceneViewState":{"showFog":true,"showMaterialUpdate":true,"showSkybox":true,"showFlares":true,"showImageEffects":true,"showParticleSystems":true},"in2DMode":false,"pivot":{"x":-2.0480356216430666,"y":-11.114158630371094,"z":36.7333869934082},"rotation":{"x":-0.06611977517604828,"y":0.19714690744876862,"z":-0.013328228145837784,"w":-0.9780510067939758},"size":36.494022369384769,"orthographic":true}