{"cameraMode":{"drawMode":0,"name":"Shaded","section":"Shading Mode"},"sceneLighting":false,"audioPlay":false,"sceneViewState":{"showFog":true,"showMaterialUpdate":true,"showSkybox":true,"showFlares":true,"showImageEffects":true,"showParticleSystems":true},"in2DMode":false,"pivot":{"x":206.17794799804688,"y":217.75143432617188,"z":-29.557409286499025},"rotation":{"x":0.05696791782975197,"y":0.006591064389795065,"z":-0.0003760945110116154,"w":0.9983542561531067},"size":539.6066284179688,"orthographic":true}