{"cameraMode":{"drawMode":0,"name":"Shaded","section":"Shading Mode"},"sceneLighting":true,"audioPlay":false,"sceneViewState":{"showFog":true,"showMaterialUpdate":true,"showSkybox":true,"showFlares":true,"showImageEffects":true,"showParticleSystems":true},"in2DMode":false,"pivot":{"x":33.402305603027347,"y":-53.84089660644531,"z":-40.140625},"rotation":{"x":-0.012265954166650772,"y":-0.9493157267570496,"z":0.3118574619293213,"w":-0.03733872249722481},"size":133.16162109375,"orthographic":false}