{"cameraMode":{"drawMode":0,"name":"Shaded","section":"Shading Mode"},"sceneLighting":true,"audioPlay":false,"sceneViewState":{"showFog":true,"showMaterialUpdate":true,"showSkybox":true,"showFlares":true,"showImageEffects":true,"showParticleSystems":true},"in2DMode":false,"pivot":{"x":-43.57600402832031,"y":-99.17911529541016,"z":-63.64921569824219},"rotation":{"x":-0.20372618734836579,"y":0.7957684397697449,"z":-0.41884925961494448,"w":-0.3870576024055481},"size":143.04588317871095,"orthographic":false}