{"cameraMode":{"drawMode":0,"name":"Shaded","section":"Shading Mode"},"sceneLighting":false,"audioPlay":false,"sceneViewState":{"showFog":true,"showMaterialUpdate":true,"showSkybox":true,"showFlares":true,"showImageEffects":true,"showParticleSystems":true},"in2DMode":false,"pivot":{"x":0.0,"y":2.7870006561279299,"z":0.4379997253417969},"rotation":{"x":0.18171098828315736,"y":-0.7346603274345398,"z":0.21644066274166108,"w":0.6167728304862976},"size":14.56229019165039,"orthographic":false}