{"cameraMode":{"drawMode":0,"name":"Shaded","section":"Shading Mode"},"sceneLighting":false,"audioPlay":false,"sceneViewState":{"showFog":true,"showMaterialUpdate":true,"showSkybox":true,"showFlares":true,"showImageEffects":true,"showParticleSystems":true},"in2DMode":false,"pivot":{"x":-69.20832824707031,"y":1.3415031433105469,"z":-37.58921432495117},"rotation":{"x":-0.29737988114356997,"y":-0.5876645445823669,"z":0.2457156777381897,"w":-0.7112239003181458},"size":12.801222801208496,"orthographic":false}