{"cameraMode":{"drawMode":0,"name":"Shaded","section":"Shading Mode"},"sceneLighting":false,"audioPlay":false,"sceneViewState":{"showFog":true,"showMaterialUpdate":true,"showSkybox":true,"showFlares":true,"showImageEffects":true,"showParticleSystems":true},"in2DMode":false,"pivot":{"x":2.903526782989502,"y":-3.9188156127929689,"z":-3.211028575897217},"rotation":{"x":0.13977719843387605,"y":0.8601312637329102,"z":-0.3400641977787018,"w":0.35354337096214297},"size":11.17056655883789,"orthographic":false}