{"cameraMode":{"drawMode":0,"name":"Shaded","section":"Shading Mode"},"sceneLighting":false,"audioPlay":false,"sceneViewState":{"showFog":true,"showMaterialUpdate":true,"showSkybox":true,"showFlares":true,"showImageEffects":true,"showParticleSystems":true},"in2DMode":false,"pivot":{"x":-12.196517944335938,"y":0.08405685424804688,"z":-0.2509535551071167},"rotation":{"x":0.09906359761953354,"y":-0.6792072057723999,"z":0.09329238533973694,"w":0.7212216258049011},"size":28.661924362182618,"orthographic":false}