{"cameraMode":{"drawMode":0,"name":"Shaded","section":"Shading Mode"},"sceneLighting":false,"audioPlay":false,"sceneViewState":{"showFog":true,"showMaterialUpdate":true,"showSkybox":true,"showFlares":true,"showImageEffects":true,"showParticleSystems":true},"in2DMode":false,"pivot":{"x":29.299999237060548,"y":39.03300094604492,"z":74.68000030517578},"rotation":{"x":-0.06617920100688935,"y":0.9094682931900024,"z":-0.15905660390853883,"w":-0.3784029483795166},"size":37.19817352294922,"orthographic":false}