{"cameraMode":{"drawMode":0,"name":"Shaded","section":"Shading Mode"},"sceneLighting":false,"audioPlay":false,"sceneViewState":{"showFog":true,"showMaterialUpdate":true,"showSkybox":true,"showFlares":true,"showImageEffects":true,"showParticleSystems":true},"in2DMode":false,"pivot":{"x":2.4679598808288576,"y":0.8965851664543152,"z":20.254297256469728},"rotation":{"x":-0.07647625356912613,"y":-0.2101643681526184,"z":0.016492344439029695,"w":-0.9745308756828308},"size":23.301231384277345,"orthographic":false}