{"cameraMode":{"drawMode":0,"name":"Shaded","section":"Shading Mode"},"sceneLighting":false,"audioPlay":false,"sceneViewState":{"showFog":true,"showMaterialUpdate":true,"showSkybox":true,"showFlares":true,"showImageEffects":true,"showParticleSystems":true},"in2DMode":false,"pivot":{"x":-42.07514953613281,"y":-19.614381790161134,"z":-20.034164428710939},"rotation":{"x":0.14328275620937348,"y":-0.7700562477111816,"z":0.18599963188171388,"w":0.5932011008262634},"size":76.41090393066406,"orthographic":false}