{"cameraMode":{"drawMode":0,"name":"Shaded","section":"Shading Mode"},"sceneLighting":false,"audioPlay":false,"sceneViewState":{"showFog":true,"showMaterialUpdate":true,"showSkybox":true,"showFlares":true,"showImageEffects":true,"showParticleSystems":true},"in2DMode":false,"pivot":{"x":1.0199999809265137,"y":4.590000152587891,"z":0.0},"rotation":{"x":0.08667697757482529,"y":-0.9131980538368225,"z":0.2735128700733185,"w":0.28939104080200198},"size":24.940404891967775,"orthographic":false}