{"cameraMode":{"drawMode":0,"name":"Shaded","section":"Shading Mode"},"sceneLighting":true,"audioPlay":false,"sceneViewState":{"showFog":true,"showMaterialUpdate":true,"showSkybox":true,"showFlares":true,"showImageEffects":true,"showParticleSystems":true},"in2DMode":false,"pivot":{"x":-43.57600402832031,"y":-99.17911529541016,"z":-63.64921569824219},"rotation":{"x":-0.2037261724472046,"y":0.7957683801651001,"z":-0.41884922981262209,"w":-0.3870575726032257},"size":143.04588317871095,"orthographic":false}