{"cameraMode":{"drawMode":0,"name":"Shaded","section":"Shading Mode"},"sceneLighting":false,"audioPlay":false,"sceneViewState":{"showFog":true,"showMaterialUpdate":true,"showSkybox":true,"showFlares":true,"showImageEffects":true,"showParticleSystems":true},"in2DMode":false,"pivot":{"x":0.43893492221832278,"y":1.2584357261657715,"z":-0.6974580883979797},"rotation":{"x":-0.19964437186717988,"y":-0.38513651490211489,"z":0.08572651445865631,"w":-0.8969186544418335},"size":3.5621209144592287,"orthographic":false}