{"cameraMode":{"drawMode":0,"name":"Shaded","section":"Shading Mode"},"sceneLighting":false,"audioPlay":false,"sceneViewState":{"showFog":true,"showMaterialUpdate":true,"showSkybox":true,"showFlares":true,"showImageEffects":true,"showParticleSystems":true},"in2DMode":false,"pivot":{"x":4.035304069519043,"y":-6.476200103759766,"z":-10.148195266723633},"rotation":{"x":-0.032319679856300357,"y":-0.9632462859153748,"z":0.22963273525238038,"w":-0.13557609915733338},"size":23.47807502746582,"orthographic":false}