{"cameraMode":{"drawMode":0,"name":"Shaded","section":"Shading Mode"},"sceneLighting":false,"audioPlay":false,"sceneViewState":{"showFog":true,"showMaterialUpdate":true,"showSkybox":true,"showFlares":true,"showImageEffects":true,"showParticleSystems":true},"in2DMode":false,"pivot":{"x":11.14979362487793,"y":0.948107123374939,"z":44.30735397338867},"rotation":{"x":0.2069527804851532,"y":0.6108556985855103,"z":-0.16965548694133759,"w":0.7451462745666504},"size":2.451392650604248,"orthographic":false}