{"cameraMode":{"drawMode":0,"name":"Shaded","section":"Shading Mode"},"sceneLighting":false,"audioPlay":false,"sceneViewState":{"showFog":true,"showMaterialUpdate":true,"showSkybox":true,"showFlares":true,"showImageEffects":true,"showParticleSystems":true},"in2DMode":false,"pivot":{"x":-0.9026739597320557,"y":-1.2347697019577027,"z":1.3847453594207764},"rotation":{"x":-0.17858624458312989,"y":0.38088077306747439,"z":-0.07523420453071594,"w":-0.9040888547897339},"size":5.969233989715576,"orthographic":false}