{"cameraMode":{"drawMode":0,"name":"Shaded","section":"Shading Mode"},"sceneLighting":false,"audioPlay":false,"sceneViewState":{"showFog":true,"showMaterialUpdate":true,"showSkybox":true,"showFlares":true,"showImageEffects":true,"showParticleSystems":true},"in2DMode":false,"pivot":{"x":38.70564651489258,"y":-34.640342712402347,"z":-74.59661865234375},"rotation":{"x":-0.050899531692266467,"y":0.8990542888641357,"z":-0.42107000946998598,"w":-0.10867694765329361},"size":57.374141693115237,"orthographic":false}