{"cameraMode":{"drawMode":0,"name":"Shaded","section":"Shading Mode"},"sceneLighting":false,"audioPlay":false,"sceneViewState":{"showFog":true,"showMaterialUpdate":true,"showSkybox":true,"showFlares":true,"showImageEffects":true,"showParticleSystems":true},"in2DMode":false,"pivot":{"x":-71.07381439208985,"y":-8.692689895629883,"z":-29.28729248046875},"rotation":{"x":-0.12249148637056351,"y":0.8747028708457947,"z":-0.29203683137893679,"w":-0.36688584089279177},"size":21.045841217041017,"orthographic":false}