{"cameraMode":{"drawMode":0,"name":"Shaded","section":"Shading Mode"},"sceneLighting":true,"audioPlay":false,"sceneViewState":{"showFog":true,"showMaterialUpdate":true,"showSkybox":true,"showFlares":true,"showImageEffects":true,"showParticleSystems":true},"in2DMode":false,"pivot":{"x":276.5467834472656,"y":227.63900756835938,"z":-143.42202758789063},"rotation":{"x":0.013162094168365002,"y":0.059057947248220447,"z":0.0007791596581228077,"w":-0.9981675148010254},"size":431.0668640136719,"orthographic":true}