{"cameraMode":{"drawMode":0,"name":"Shaded","section":"Shading Mode"},"sceneLighting":false,"audioPlay":false,"sceneViewState":{"showFog":true,"showMaterialUpdate":true,"showSkybox":true,"showFlares":true,"showImageEffects":true,"showParticleSystems":true},"in2DMode":false,"pivot":{"x":575.8759765625,"y":158.02911376953126,"z":-59.931148529052737},"rotation":{"x":0.08657287806272507,"y":0.08507286012172699,"z":-0.007420071866363287,"w":0.9925788044929504},"size":305.59100341796877,"orthographic":false}