{"cameraMode":{"drawMode":0,"name":"Shaded","section":"Shading Mode"},"sceneLighting":false,"audioPlay":false,"sceneViewState":{"showFog":true,"showMaterialUpdate":true,"showSkybox":true,"showFlares":true,"showImageEffects":true,"showParticleSystems":true},"in2DMode":false,"pivot":{"x":0.22597360610961915,"y":0.19028539955615998,"z":-0.11197749525308609},"rotation":{"x":-0.06371687352657318,"y":-0.9362782835960388,"z":0.24288170039653779,"w":-0.24562495946884156},"size":2.8578836917877199,"orthographic":false}