{"cameraMode":{"drawMode":0,"name":"Shaded","section":"Shading Mode"},"sceneLighting":false,"audioPlay":false,"sceneViewState":{"showFog":true,"showMaterialUpdate":true,"showSkybox":true,"showFlares":true,"showImageEffects":true,"showParticleSystems":true},"in2DMode":false,"pivot":{"x":-5.044696807861328,"y":-7.879909515380859,"z":6.699999809265137},"rotation":{"x":0.26579102873802187,"y":0.12875394523143769,"z":-0.03584451228380203,"w":0.9547213315963745},"size":2.8578836917877199,"orthographic":false}