{"cameraMode":{"drawMode":0,"name":"Shaded","section":"Shading Mode"},"sceneLighting":false,"audioPlay":false,"sceneViewState":{"showFog":true,"showMaterialUpdate":true,"showSkybox":true,"showFlares":true,"showImageEffects":true,"showParticleSystems":true},"in2DMode":false,"pivot":{"x":21.41200828552246,"y":-0.9689512252807617,"z":-17.479846954345704},"rotation":{"x":0.12477036565542221,"y":-0.8420004844665527,"z":0.22059740126132966,"w":0.47623980045318606},"size":12.142979621887207,"orthographic":false}