{"cameraMode":{"drawMode":0,"name":"Shaded","section":"Shading Mode"},"sceneLighting":false,"audioPlay":false,"sceneViewState":{"showFog":true,"showMaterialUpdate":true,"showSkybox":true,"showFlares":true,"showImageEffects":true,"showParticleSystems":true},"in2DMode":false,"pivot":{"x":21.880001068115236,"y":0.8841967582702637,"z":-32.0777587890625},"rotation":{"x":0.07150343060493469,"y":0.9252896308898926,"z":-0.22029656171798707,"w":0.3003261387348175},"size":21.709264755249025,"orthographic":false}