{"cameraMode":{"drawMode":0,"name":"Shaded","section":"Shading Mode"},"sceneLighting":false,"audioPlay":false,"sceneViewState":{"showFog":true,"showMaterialUpdate":true,"showSkybox":true,"showFlares":true,"showImageEffects":true,"showParticleSystems":true},"in2DMode":false,"pivot":{"x":0.6055082082748413,"y":1.025996208190918,"z":0.1482175588607788},"rotation":{"x":0.15166355669498444,"y":-0.6964035034179688,"z":0.15435591340065003,"w":0.6842474937438965},"size":4.867951393127441,"orthographic":false}