{"cameraMode":{"drawMode":0,"name":"Shaded","section":"Shading Mode"},"sceneLighting":false,"audioPlay":false,"sceneViewState":{"showFog":true,"showMaterialUpdate":true,"showSkybox":true,"showFlares":true,"showImageEffects":true,"showParticleSystems":true},"in2DMode":false,"pivot":{"x":2.646399736404419,"y":-51.880062103271487,"z":80.4549789428711},"rotation":{"x":0.303961843252182,"y":-0.029438631609082223,"z":0.009397558867931366,"w":0.9521828889846802},"size":219.83128356933595,"orthographic":false}