{"cameraMode":{"drawMode":0,"name":"Shaded","section":"Shading Mode"},"sceneLighting":false,"audioPlay":false,"sceneViewState":{"showFog":true,"showMaterialUpdate":true,"showSkybox":true,"showFlares":true,"showImageEffects":true,"showParticleSystems":true},"in2DMode":false,"pivot":{"x":381.1831359863281,"y":168.03543090820313,"z":-5.1105499267578129},"rotation":{"x":-0.02699575014412403,"y":-0.008395091630518437,"z":-0.0002272973069921136,"w":0.9996002912521362},"size":274.35919189453127,"orthographic":true}