{"cameraMode":{"drawMode":0,"name":"Shaded","section":"Shading Mode"},"sceneLighting":false,"audioPlay":false,"sceneViewState":{"showFog":true,"showMaterialUpdate":true,"showSkybox":true,"showFlares":true,"showImageEffects":true,"showParticleSystems":true},"in2DMode":false,"pivot":{"x":0.666658878326416,"y":0.7017472982406616,"z":-0.34918904304504397},"rotation":{"x":0.21573054790496827,"y":0.37054091691970827,"z":-0.088915154337883,"w":0.8990294337272644},"size":2.857788562774658,"orthographic":false}