{"cameraMode":{"drawMode":0,"name":"Shaded","section":"Shading Mode"},"sceneLighting":false,"audioPlay":false,"sceneViewState":{"showFog":true,"showMaterialUpdate":true,"showSkybox":true,"showFlares":true,"showImageEffects":true,"showParticleSystems":true},"in2DMode":false,"pivot":{"x":-3.779467821121216,"y":0.022870659828186036,"z":4.218409538269043},"rotation":{"x":0.02548569068312645,"y":0.974501371383667,"z":-0.1601683497428894,"w":0.15506020188331605},"size":2.8578836917877199,"orthographic":false}