{"cameraMode":{"drawMode":0,"name":"Shaded","section":"Shading Mode"},"sceneLighting":true,"audioPlay":false,"sceneViewState":{"showFog":true,"showMaterialUpdate":true,"showSkybox":true,"showFlares":true,"showImageEffects":true,"showParticleSystems":true},"in2DMode":false,"pivot":{"x":45.89030075073242,"y":-28.083045959472658,"z":-25.187393188476564},"rotation":{"x":0.17264561355113984,"y":0.6719971299171448,"z":-0.16553586721420289,"w":0.7008646726608276},"size":91.07696533203125,"orthographic":false}