{"cameraMode":{"drawMode":0,"name":"Shaded","section":"Shading Mode"},"sceneLighting":false,"audioPlay":false,"sceneViewState":{"showFog":true,"showMaterialUpdate":true,"showSkybox":true,"showFlares":true,"showImageEffects":true,"showParticleSystems":true},"in2DMode":false,"pivot":{"x":-4.995226860046387,"y":4.822939872741699,"z":-4.475311279296875},"rotation":{"x":-0.22571837902069093,"y":-0.22780658304691316,"z":0.05437709391117096,"w":-0.9456207156181336},"size":22.0,"orthographic":false}