{"cameraMode":{"drawMode":0,"name":"Shaded","section":"Shading Mode"},"sceneLighting":false,"audioPlay":false,"sceneViewState":{"showFog":true,"showMaterialUpdate":true,"showSkybox":true,"showFlares":true,"showImageEffects":true,"showParticleSystems":true},"in2DMode":false,"pivot":{"x":5.960464477539063e-8,"y":0.01676146686077118,"z":-1.1920928955078126e-7},"rotation":{"x":0.00640120031312108,"y":0.9836726188659668,"z":-0.17626965045928956,"w":0.03572375327348709},"size":1.251394510269165,"orthographic":false}