{"cameraMode":{"drawMode":0,"name":"Shaded","section":"Shading Mode"},"sceneLighting":false,"audioPlay":false,"sceneViewState":{"showFog":true,"showMaterialUpdate":true,"showSkybox":true,"showFlares":true,"showImageEffects":true,"showParticleSystems":true},"in2DMode":false,"pivot":{"x":5.013842582702637,"y":3.985586404800415,"z":-2.557219982147217},"rotation":{"x":0.19754326343536378,"y":0.4063054919242859,"z":-0.09043309837579727,"w":0.8875327706336975},"size":19.121652603149415,"orthographic":false}