{"cameraMode":{"drawMode":0,"name":"Shaded","section":"Shading Mode"},"sceneLighting":false,"audioPlay":false,"sceneViewState":{"showFog":true,"showMaterialUpdate":true,"showSkybox":true,"showFlares":true,"showImageEffects":true,"showParticleSystems":true},"in2DMode":false,"pivot":{"x":-59.90460968017578,"y":-0.4165710210800171,"z":-20.049999237060548},"rotation":{"x":-0.48628583550453188,"y":-0.043704722076654437,"z":0.024361103773117067,"w":-0.8723660707473755},"size":9.432193756103516,"orthographic":false}