{"cameraMode":{"drawMode":0,"name":"Shaded","section":"Shading Mode"},"sceneLighting":false,"audioPlay":false,"sceneViewState":{"showFog":true,"showMaterialUpdate":true,"showSkybox":true,"showFlares":true,"showImageEffects":true,"showParticleSystems":true},"in2DMode":false,"pivot":{"x":5.034817695617676,"y":2.5055980682373049,"z":2.0807271003723146},"rotation":{"x":0.2580040395259857,"y":-0.1445603370666504,"z":0.039076220244169238,"w":0.9544680714607239},"size":10.560625076293946,"orthographic":false}