{"cameraMode":{"drawMode":0,"name":"Shaded","section":"Shading Mode"},"sceneLighting":true,"audioPlay":false,"sceneViewState":{"showFog":true,"showMaterialUpdate":true,"showSkybox":true,"showFlares":true,"showImageEffects":true,"showParticleSystems":true},"in2DMode":false,"pivot":{"x":0.31233707070350649,"y":0.047120094299316409,"z":-2.116344928741455},"rotation":{"x":-0.014467285946011544,"y":-0.9750497937202454,"z":0.2112048864364624,"w":-0.06679143756628037},"size":6.0514445304870609,"orthographic":false}