{"cameraMode":{"drawMode":0,"name":"Shaded","section":"Shading Mode"},"sceneLighting":false,"audioPlay":false,"sceneViewState":{"showFog":true,"showMaterialUpdate":true,"showSkybox":true,"showFlares":true,"showImageEffects":true,"showParticleSystems":true},"in2DMode":false,"pivot":{"x":10.12209415435791,"y":-6.291415691375732,"z":30.75172996520996},"rotation":{"x":-0.10253007709980011,"y":-0.16186018288135529,"z":0.016911346465349199,"w":-0.9813271164894104},"size":50.98877716064453,"orthographic":false}