{"cameraMode":{"drawMode":0,"name":"Shaded","section":"Shading Mode"},"sceneLighting":false,"audioPlay":false,"sceneViewState":{"showFog":true,"showMaterialUpdate":true,"showSkybox":true,"showFlares":true,"showImageEffects":true,"showParticleSystems":true},"in2DMode":false,"pivot":{"x":-3.7782320976257326,"y":0.3116779327392578,"z":4.133767127990723},"rotation":{"x":0.01682383380830288,"y":0.9822565913200378,"z":-0.10888665169477463,"w":0.15176530182361604},"size":2.8578836917877199,"orthographic":false}