{"cameraMode":{"drawMode":0,"name":"Shaded","section":"Shading Mode"},"sceneLighting":false,"audioPlay":false,"sceneViewState":{"showFog":true,"showMaterialUpdate":true,"showSkybox":true,"showFlares":true,"showImageEffects":true,"showParticleSystems":true},"in2DMode":false,"pivot":{"x":-0.7895784378051758,"y":1.0648856163024903,"z":-2.7704262733459474},"rotation":{"x":0.0010467227548360825,"y":0.9846185445785523,"z":0.005906006321310997,"w":-0.17461512982845307},"size":14.148138999938965,"orthographic":false}