{"cameraMode":{"drawMode":0,"name":"Shaded","section":"Shading Mode"},"sceneLighting":false,"audioPlay":false,"sceneViewState":{"showFog":true,"showMaterialUpdate":true,"showSkybox":true,"showFlares":true,"showImageEffects":true,"showParticleSystems":true},"in2DMode":false,"pivot":{"x":-6.1722893714904789,"y":3.8460817337036135,"z":-1.7012112140655518},"rotation":{"x":-0.16317066550254823,"y":0.7134024500846863,"z":-0.17687270045280457,"w":-0.6581400632858276},"size":6.7991180419921879,"orthographic":false}