{"cameraMode":{"drawMode":0,"name":"Shaded","section":"Shading Mode"},"sceneLighting":true,"audioPlay":false,"sceneViewState":{"showFog":true,"showMaterialUpdate":true,"showSkybox":true,"showFlares":true,"showImageEffects":true,"showParticleSystems":true},"in2DMode":false,"pivot":{"x":243.7498779296875,"y":52.676551818847659,"z":45.992252349853519},"rotation":{"x":-0.08994914591312409,"y":-0.5553736686706543,"z":0.060590069741010669,"w":-0.82449871301651},"size":552.2147216796875,"orthographic":false}