{"cameraMode":{"drawMode":0,"name":"Shaded","section":"Shading Mode"},"sceneLighting":false,"audioPlay":false,"sceneViewState":{"showFog":true,"showMaterialUpdate":true,"showSkybox":true,"showFlares":true,"showImageEffects":true,"showParticleSystems":true},"in2DMode":false,"pivot":{"x":0.38323521614074709,"y":-0.043662071228027347,"z":2.969684600830078},"rotation":{"x":0.1119237020611763,"y":-0.07774060219526291,"z":0.00878311600536108,"w":0.9906323552131653},"size":10.339388847351075,"orthographic":false}