{"cameraMode":{"drawMode":0,"name":"Shaded","section":"Shading Mode"},"sceneLighting":true,"audioPlay":false,"sceneViewState":{"showFog":true,"showMaterialUpdate":true,"showSkybox":true,"showFlares":true,"showImageEffects":true,"showParticleSystems":true},"in2DMode":false,"pivot":{"x":46.0222282409668,"y":1.324350357055664,"z":38.16456604003906},"rotation":{"x":-0.01001299824565649,"y":-0.9766004085540772,"z":0.20970827341079713,"w":-0.04662570729851723},"size":2.902475357055664,"orthographic":false}