{"cameraMode":{"drawMode":0,"name":"Shaded","section":"Shading Mode"},"sceneLighting":false,"audioPlay":false,"sceneViewState":{"showFog":true,"showMaterialUpdate":true,"showSkybox":true,"showFlares":true,"showImageEffects":true,"showParticleSystems":true},"in2DMode":false,"pivot":{"x":-7.642711639404297,"y":1.9566806554794312,"z":0.6370440721511841},"rotation":{"x":0.14437364041805268,"y":-0.6840720176696777,"z":0.14089278876781465,"w":0.7009643316268921},"size":15.207876205444336,"orthographic":false}