{"cameraMode":{"drawMode":0,"name":"Shaded","section":"Shading Mode"},"sceneLighting":false,"audioPlay":false,"sceneViewState":{"showFog":true,"showMaterialUpdate":true,"showSkybox":true,"showFlares":true,"showImageEffects":true,"showParticleSystems":true},"in2DMode":false,"pivot":{"x":1.1920928955078126e-7,"y":0.4299999475479126,"z":-0.04500007629394531},"rotation":{"x":0.276276558637619,"y":0.17348544299602509,"z":-0.05077693983912468,"w":0.9439257383346558},"size":21.600440979003908,"orthographic":false}