{"cameraMode":{"drawMode":0,"name":"Shaded","section":"Shading Mode"},"sceneLighting":false,"audioPlay":false,"sceneViewState":{"showFog":true,"showMaterialUpdate":true,"showSkybox":true,"showFlares":true,"showImageEffects":true,"showParticleSystems":true},"in2DMode":false,"pivot":{"x":-0.39985179901123049,"y":1.3858002424240113,"z":0.22713756561279298},"rotation":{"x":-0.00462317792698741,"y":-0.27914130687713625,"z":0.0013437422458082438,"w":-0.960237979888916},"size":7.598413467407227,"orthographic":false}