{"cameraMode":{"drawMode":0,"name":"Shaded","section":"Shading Mode"},"sceneLighting":false,"audioPlay":false,"sceneViewState":{"showFog":true,"showMaterialUpdate":true,"showSkybox":true,"showFlares":true,"showImageEffects":true,"showParticleSystems":true},"in2DMode":false,"pivot":{"x":34.79338836669922,"y":1.388314962387085,"z":-35.73869323730469},"rotation":{"x":0.20844508707523347,"y":0.01551817823201418,"z":-0.003308117389678955,"w":0.9779053926467896},"size":5.466679096221924,"orthographic":false}