{"cameraMode":{"drawMode":0,"name":"Shaded","section":"Shading Mode"},"sceneLighting":false,"audioPlay":false,"sceneViewState":{"showFog":true,"showMaterialUpdate":true,"showSkybox":true,"showFlares":true,"showImageEffects":true,"showParticleSystems":true},"in2DMode":false,"pivot":{"x":20.17207145690918,"y":-1.3123916387557984,"z":-14.966843605041504},"rotation":{"x":0.05097433179616928,"y":-0.7723723649978638,"z":0.06249189004302025,"w":0.6300296783447266},"size":12.142979621887207,"orthographic":false}