{"cameraMode":{"drawMode":0,"name":"Shaded","section":"Shading Mode"},"sceneLighting":false,"audioPlay":false,"sceneViewState":{"showFog":true,"showMaterialUpdate":true,"showSkybox":true,"showFlares":true,"showImageEffects":true,"showParticleSystems":true},"in2DMode":false,"pivot":{"x":-12.199714660644532,"y":-72.85551452636719,"z":27.33953094482422},"rotation":{"x":-0.3457900881767273,"y":0.6125146150588989,"z":-0.33901116251945498,"w":-0.624761164188385},"size":134.24905395507813,"orthographic":false}