{"cameraMode":{"drawMode":0,"name":"Shaded","section":"Shading Mode"},"sceneLighting":false,"audioPlay":false,"sceneViewState":{"showFog":true,"showMaterialUpdate":true,"showSkybox":true,"showFlares":true,"showImageEffects":true,"showParticleSystems":true},"in2DMode":false,"pivot":{"x":-0.8867568969726563,"y":-0.15828359127044679,"z":-0.509425163269043},"rotation":{"x":0.22802507877349854,"y":-0.3546121120452881,"z":0.08961169421672821,"w":0.9023439884185791},"size":2.8578836917877199,"orthographic":false}