{"cameraMode":{"drawMode":0,"name":"Shaded","section":"Shading Mode"},"sceneLighting":false,"audioPlay":false,"sceneViewState":{"showFog":true,"showMaterialUpdate":true,"showSkybox":true,"showFlares":true,"showImageEffects":true,"showParticleSystems":true},"in2DMode":false,"pivot":{"x":-0.4720320701599121,"y":-1.3300036191940308,"z":0.12509655952453614},"rotation":{"x":-0.09972405433654785,"y":0.8930191993713379,"z":-0.24428485333919526,"w":-0.36455005407333376},"size":4.827434062957764,"orthographic":false}