{"cameraMode":{"drawMode":0,"name":"Shaded","section":"Shading Mode"},"sceneLighting":false,"audioPlay":false,"sceneViewState":{"showFog":true,"showMaterialUpdate":true,"showSkybox":true,"showFlares":true,"showImageEffects":true,"showParticleSystems":true},"in2DMode":false,"pivot":{"x":-0.45835238695144656,"y":-0.7452548146247864,"z":-0.2854374647140503},"rotation":{"x":0.05525865778326988,"y":0.9426623582839966,"z":-0.1982755810022354,"w":0.2627183198928833},"size":3.649768829345703,"orthographic":false}