{"cameraMode":{"drawMode":0,"name":"Shaded","section":"Shading Mode"},"sceneLighting":false,"audioPlay":false,"sceneViewState":{"showFog":true,"showMaterialUpdate":true,"showSkybox":true,"showFlares":true,"showImageEffects":true,"showParticleSystems":true},"in2DMode":false,"pivot":{"x":0.6395342350006104,"y":-1.1352224349975587,"z":-1.5399479866027833},"rotation":{"x":0.04317760095000267,"y":0.9541637897491455,"z":-0.24264363944530488,"w":0.16979750990867616},"size":6.569234371185303,"orthographic":false}