{"cameraMode":{"drawMode":0,"name":"Shaded","section":"Shading Mode"},"sceneLighting":false,"audioPlay":false,"sceneViewState":{"showFog":true,"showMaterialUpdate":true,"showSkybox":true,"showFlares":true,"showImageEffects":true,"showParticleSystems":true},"in2DMode":false,"pivot":{"x":-36.72966766357422,"y":9.205039978027344,"z":-35.34833908081055},"rotation":{"x":0.1720699965953827,"y":0.827778697013855,"z":-0.38619619607925417,"w":0.36881840229034426},"size":13.83852767944336,"orthographic":false}