{"cameraMode":{"drawMode":0,"name":"Shaded","section":"Shading Mode"},"sceneLighting":false,"audioPlay":false,"sceneViewState":{"showFog":true,"showMaterialUpdate":true,"showSkybox":true,"showFlares":true,"showImageEffects":true,"showParticleSystems":true},"in2DMode":false,"pivot":{"x":-5.999459266662598,"y":3.508760929107666,"z":-1.3545697927474976},"rotation":{"x":-0.18740245699882508,"y":0.689170777797699,"z":-0.19186776876449586,"w":-0.6731350421905518},"size":9.38488483428955,"orthographic":false}